{"[2, 2, 0, 0, 1, 1]": [0, 0, 0], "[0, 0, 1, 0, 0, 1]": [17.859841936782114, 0, 0], "[2, 1, 0, 0, 0, 0]": [0, 0, 0], "[0, 0, 0, 1, 1, 0]": [28.145631016895916, -0.8546399085229588, -1.5504811849341644], "[0, 1, 2, 1, 1, 0]": [0, 0, 0], "[0, 0, 0, 0, 0, 0]": [1.9764155015544476, 9.312848574134577, -11.265802787498197], "[0, 1, 1, 1, 2, 1]": [0.0, 0, 0], "[0, 1, 0, 0, 0, 0]": [-5.026239, -6.7599, -7.8057397986276715], "[0, 0, 1, 1, 1, 0]": [64.46685991102709, 0, 0], "[1, 0, 0, 1, 0, 0]": [16.794894424647175, 0, 0], "[0, 0, 2, 2, 1, 0]": [0.4500000000000002, 0, 0], "[1, 0, 0, 2, 1, 0]": [13.950000000000001, 0, 0], "[1, 1, 0, 0, 1, 2]": [35.811589989024, 0, 0], "[1, 2, 0, 0, 1, 1]": [0, 0, 0], "[1, 0, 0, 0, 1, 2]": [2.3521831510676083, 0, 0], "[0, 1, 1, 1, 1, 1]": [14.85, 0, 0], "[0, 1, 1, 0, 1, 2]": [4.5, 0, 0], "[1, 0, 0, 0, 0, 2]": [6.096236023334225, 0, 0], "[0, 1, 0, 1, 2, 1]": [4.545, 0, 0], "[0, 1, 0, 1, 1, 1]": [29.07546192246805, 0, 0], "[1, 0, 0, 0, 0, 0]": [-4.845540835028351, -8.317012128575442, 4.607983208065117], "[1, 1, 0, 1, 1, 0]": [32.46800713360293, 0, 0], "[0, 1, 1, 2, 1, 0]": [49.827866288922486, 0, 0], "[0, 1, 0, 0, 1, 0]": [18.333669536683306, 0, 0], "[0, 0, 1, 0, 1, 1]": [51.72630824654821, 0, 0], "[1, 0, 2, 0, 0, 0]": [0, 0, 0], "[0, 0, 0, 0, 1, 1]": [23.95870206478555, 0.22471370395876633, 0], "[0, 2, 1, 1, 1, 1]": [0, 0, 0], "[0, 0, 2, 0, 0, 1]": [0, 0, 0], "[0, 2, 2, 1, 1, 0]": [0, 0, 0], "[2, 1, 0, 0, 1, 1]": [0, 0, 0], "[0, 1, 0, 2, 2, 1]": [0.0, 0, 0], "[1, 0, 1, 0, 0, 1]": [-1.3499999999999996, 0, 0], "[2, 1, 1, 0, 1, 1]": [0, 0, 0], "[1, 1, 1, 0, 1, 2]": [0.0, 0, 0], "[0, 0, 1, 0, 0, 0]": [-5.735661696002282, -5.658714236185114, -1.883936364139414], "[0, 1, 1, 0, 0, 0]": [-3.2978906057699997, -8.38439222165765, -7.2858589329821], "[0, 0, 0, 1, 1, 1]": [20.52012259616521, 0, 0], "[0, 0, 0, 2, 1, 0]": [12.528718354653273, 26.159406906547638, 0], "[1, 1, 0, 0, 0, 0]": [-5.369967900000001, -4.77, 6.751820047139768], "[0, 0, 0, 0, 0, 1]": [-2.303272994927589, 1.640795526640571, 21.385966048880288], "[0, 1, 0, 0, 1, 2]": [37.62720136087179, 0, 0], "[0, 0, 1, 1, 0, 0]": [-4.87484123499, 35.614702558832526, 0], "[0, 2, 0, 1, 2, 1]": [0.0, 0, 0], "[1, 0, 0, 1, 1, 0]": [22.039570796701284, 0, 0], "[0, 1, 0, 2, 1, 0]": [22.307089837161243, 0, 0], "[0, 1, 2, 0, 0, 0]": [0, 0, 0], "[0, 1, 2, 1, 1, 1]": [0, 0, 0], "[1, 0, 1, 1, 0, 0]": [-1.3499999999999996, 50.80452366587551, 0], "[2, 1, 0, 0, 1, 2]": [0.0, 0, 0], "[1, 1, 1, 0, 0, 0]": [-2.7, -3.534118299, -2.9185867107], "[0, 2, 1, 0, 1, 1]": [0, 0, 0], "[0, 0, 1, 2, 0, 0]": [65.71113210253907, 0, 0], "[1, 0, 1, 2, 1, 0]": [21.87, 0, 0], "[1, 0, 0, 0, 0, 1]": [-2.7, 29.441808902564965, 49.95524272221807], "[0, 1, 0, 1, 1, 0]": [45.9628038371774, 0, 0], "[0, 0, 1, 2, 1, 0]": [19.401984029084126, 0, 0], "[0, 2, 0, 1, 1, 1]": [0, 0, 0], "[1, 1, 0, 0, 1, 1]": [20.0988003414045, 0, 0], "[0, 0, 0, 1, 0, 0]": [-3.244164152047855, 20.5876009239701, 0.5163596578736847], "[0, 1, 0, 1, 2, 0]": [31.96884415214207, 0, 0], "[1, 0, 1, 0, 0, 0]": [-2.97, 4.41, 0], "[0, 1, 0, 0, 2, 1]": [0.0, 0, 0], "[0, 0, 0, 0, 1, 2]": [18.015354566264783, 0, 0], "[0, 1, 0, 0, 1, 1]": [5.190770661627585, 0, 0], "[1, 1, 0, 2, 1, 0]": [3.3497216378411068, 0, 0], "[0, 1, 1, 0, 1, 1]": [27.45, 0, 0], "[0, 0, 0, 0, 1, 0]": [14.194780773039911, 18.151751584103287, -2.4563995679434703], "[1, 0, 0, 0, 1, 1]": [7.587161058568842, 0, 0], "[0, 1, 1, 1, 1, 0]": [66.75096664988038, 0, 0], "[0, 2, 2, 1, 1, 1]": [0, 0, 0]}