{"[0, 0, 1, 1, 1, 0]": [-0.6776712804674538, 49.655989711333206, 3.681068355969181], "[1, 0, 0, 2, 1, 0]": [53.48669720567729, 0, 0], "[1, 0, 1, 1, 0, 0]": [-1.3499999999999996, 32.08045236658755, 0], "[0, 1, 1, 2, 1, 0]": [18.677531324740457, 36.128320618754806, 54.470855735927465], "[0, 1, 0, 0, 2, 0]": [13.22286824803956, 0, 0], "[0, 2, 1, 1, 1, 1]": [0, 0, 0], "[1, 0, 1, 0, 0, 1]": [-1.3499999999999996, -5.53513699604252, 45.60005849691278], "[0, 2, 1, 0, 1, 1]": [0, 0, 0], "[0, 1, 1, 0, 0, 0]": [-12.30890820463857, -11.692955596807401, 10.942900412413945], "[0, 2, 0, 1, 2, 1]": [0.0, 0, 0], "[1, 1, 0, 0, 0, 0]": [-9.031849640761234, -8.115910584458263, -5.985375913829972], "[1, 2, 0, 0, 1, 2]": [0.0, 0, 0], "[1, 0, 0, 1, 1, 0]": [44.467534436442136, 0, 0], "[2, 2, 0, 0, 1, 2]": [0.0, 0, 0], "[0, 1, 0, 1, 2, 0]": [22.400330235766404, 0, 0], "[1, 1, 0, 1, 1, 0]": [32.46800713360293, 0, 0], "[0, 0, 2, 0, 0, 0]": [0, 0, 0], "[0, 1, 2, 1, 1, 1]": [0, 0, 0], "[1, 1, 1, 0, 1, 1]": [14.94664719687935, 0, 0], "[1, 1, 0, 0, 1, 2]": [30.4845765954717, 0, 30.15315094797094], "[1, 0, 0, 0, 1, 2]": [33.58046158851003, 19.47911454409948, 0], "[0, 1, 0, 0, 0, 1]": [1.6567352645722484, 0, 0], "[1, 0, 1, 0, 0, 0]": [29.833055029560498, 1.156889005483366, 0], "[0, 1, 0, 0, 1, 0]": [35.47193834408951, 0, 0], "[0, 0, 1, 0, 1, 1]": [-0.6721417793435762, 24.325179231814715, 0], "[0, 0, 0, 0, 1, 1]": [23.922394724333497, 5.73241200538904, 5.931193609493162], "[2, 0, 0, 0, 0, 1]": [0, 0, 0], "[0, 1, 0, 2, 2, 1]": [32.58106512386179, 0, 0], "[2, 1, 1, 0, 1, 1]": [0, 0, 0], "[0, 0, 2, 2, 1, 0]": [0.4500000000000002, 0, 0], "[1, 0, 0, 2, 0, 0]": [15.7995, 0, 0], "[0, 1, 1, 0, 1, 1]": [33.39, 0, 0], "[0, 1, 0, 2, 2, 0]": [44.34263753554895, 0, 0], "[0, 1, 0, 1, 2, 2]": [13.5, 0, 0], "[0, 0, 1, 2, 0, 0]": [65.71113210253907, 0, 0], "[0, 1, 0, 0, 0, 0]": [-7.903192319518659, 17.268964055844847, -9.541303143017934], "[1, 0, 0, 0, 1, 1]": [21.14842603165574, 0, 0], "[0, 1, 0, 0, 2, 1]": [17.752950865828037, 0, 0], "[0, 1, 0, 0, 1, 1]": [17.73835040555123, 39.925715736732585, 20.85964670330468], "[0, 0, 1, 0, 1, 2]": [13.5, 0, 0], "[0, 0, 0, 0, 1, 0]": [21.227565873791725, 20.327184656024812, 14.47959129945939], "[0, 0, 1, 0, 0, 1]": [3.5986853233383806, 12.461791782894649, 0], "[1, 0, 0, 1, 0, 0]": [12.405404205195373, 0, 0], "[1, 1, 0, 2, 1, 0]": [3.3497216378411068, 0, 0], "[0, 0, 0, 1, 1, 0]": [24.85033132327381, 20.731111350963516, 37.38291239039713], "[0, 0, 0, 0, 0, 0]": [1.362566255891222, 6.326154793088655, 1.0248015128730712], "[0, 1, 2, 0, 0, 0]": [0, 0, 0], "[1, 2, 0, 0, 1, 1]": [0, 0, 0], "[0, 1, 1, 1, 1, 1]": [14.85, 0, 0], "[0, 1, 1, 0, 1, 2]": [1.1072736488197688, 0, 0], "[1, 0, 0, 0, 0, 0]": [-7.170878193290012, 4.305018729746343, 0.8956944564663267], "[1, 0, 1, 0, 1, 2]": [41.140393153477014, 0, 0], "[1, 2, 0, 1, 1, 1]": [0, 0, 0], "[0, 0, 2, 1, 1, 0]": [0, 0, 0], "[2, 1, 0, 0, 1, 1]": [0, 0, 0], "[0, 0, 1, 0, 0, 0]": [-8.024984121853858, -11.189229853972286, -1.9096286491426593], "[0, 0, 0, 1, 1, 1]": [56.84472418707553, 0, 0], "[1, 0, 2, 0, 0, 0]": [0, 0, 0], "[0, 0, 0, 0, 0, 1]": [13.841661273223659, 20.21071675277286, 3.7061482847176306], "[0, 2, 0, 0, 1, 2]": [0.0, 0, 0], "[0, 1, 0, 2, 1, 0]": [17.40473094058701, 0, 17.622579079334383], "[2, 1, 0, 0, 1, 2]": [0.4500000000000002, 0, 0], "[1, 1, 1, 0, 0, 0]": [-5.579755235667, -7.1736923120875105, -9.548099994040017], "[0, 0, 1, 0, 1, 0]": [18.74730467797011, 0, 0], "[0, 0, 0, 0, 1, 2]": [17.992747336929984, 0, 0], "[0, 2, 0, 2, 1, 0]": [0, 0, 35.39845577982021], "[0, 0, 0, 1, 0, 0]": [17.945102422805938, 24.467710835379076, 5.791689106569416], "[2, 2, 0, 0, 1, 1]": [0, 0, 0], "[0, 1, 0, 1, 1, 0]": [32.41828820341003, 16.071593605535515, 0], "[0, 2, 0, 0, 1, 1]": [0, 0, 0], "[2, 2, 1, 1, 1, 1]": [0, 0, 0], "[1, 0, 0, 0, 0, 2]": [1.669597197157378, 0, 0], "[0, 1, 0, 1, 1, 1]": [26.458670349445928, 0, 65.05449505294334], "[0, 1, 0, 1, 2, 1]": [2.0097823069685816, 0, 0], "[1, 1, 0, 1, 1, 1]": [14.85, 0, 0], "[0, 0, 0, 2, 1, 0]": [12.528718354653273, 29.028695461931882, 0], "[0, 0, 1, 1, 0, 0]": [21.019782454272868, 60.04310616061255, 3.2906545012499224], "[0, 0, 2, 0, 0, 1]": [0, 0, 0], "[0, 2, 2, 1, 1, 0]": [0, 0, 0], "[0, 1, 2, 1, 1, 0]": [0, 0, 0], "[1, 1, 1, 0, 1, 2]": [0.0, 0, 0], "[0, 2, 0, 0, 2, 1]": [0.0, 0, 0], "[0, 1, 0, 0, 1, 2]": [15.183018300845017, 0, 0], "[0, 1, 1, 1, 2, 1]": [0.0, 0, 0], "[1, 1, 0, 0, 0, 1]": [15.318193385974268, 0, 0], "[1, 0, 1, 2, 1, 0]": [21.87, 0, 0], "[1, 0, 0, 0, 0, 1]": [-2.7, 2.8952723793028525, 18.81187056082336], "[2, 1, 0, 0, 0, 0]": [0, 0, 0], "[0, 0, 1, 2, 1, 0]": [56.42810831231594, 0, 0], "[0, 2, 0, 1, 1, 1]": [0, 0, 0], "[1, 1, 0, 0, 1, 1]": [53.139057273089215, 0, 0], "[0, 2, 0, 1, 2, 0]": [0.0, 0, 0], "[0, 1, 1, 1, 1, 0]": [49.15676242649388, 0, 0], "[0, 2, 2, 1, 1, 1]": [0, 0, 0]}