{"[2, 2, 0, 0, 1, 1]": [0, 0, 0], "[0, 0, 1, 0, 0, 1]": [45.65375951289142, 0, 0], "[2, 1, 0, 0, 0, 0]": [0, 0, 0], "[0, 0, 0, 1, 1, 0]": [51.89832322862378, 5.746491147038794, 5.596508545201706], "[0, 2, 0, 0, 1, 1]": [0, 0, 0], "[0, 1, 2, 1, 1, 0]": [0, 0, 0], "[0, 0, 0, 0, 0, 0]": [-5.716724707078809, 19.098005726286246, -3.6019755604640133], "[1, 1, 1, 0, 1, 1]": [14.94664719687935, 0, 0], "[0, 1, 1, 1, 2, 1]": [0.0, 0, 0], "[0, 1, 0, 0, 0, 0]": [-8.847577947533509, -6.7599, -7.8057397986276715], "[0, 0, 1, 1, 1, 0]": [20.223287195325483, 0, 0], "[1, 0, 0, 1, 0, 0]": [12.794698941400753, 0, 0], "[0, 0, 2, 2, 1, 0]": [0.4500000000000002, 0, 0], "[1, 0, 0, 2, 1, 0]": [53.48669720567729, 0, 0], "[2, 2, 1, 1, 1, 1]": [0, 0, 0], "[1, 1, 0, 0, 1, 2]": [44.29087648312959, 0, 0], "[1, 2, 0, 0, 1, 1]": [0, 0, 0], "[1, 0, 0, 0, 1, 2]": [7.04223935733118, 0, 0], "[0, 1, 1, 1, 1, 1]": [14.85, 0, 0], "[0, 1, 1, 0, 1, 2]": [12.167842294722746, 0, 0], "[1, 0, 0, 0, 0, 2]": [16.695971971573783, 0, 0], "[0, 1, 0, 1, 2, 1]": [5.4848919452646685, 0, 0], "[0, 1, 0, 1, 1, 1]": [26.458670349445928, 0, 40.22353718995283], "[0, 1, 0, 1, 2, 2]": [13.5, 0, 0], "[0, 1, 0, 2, 2, 0]": [44.34263753554895, 0, 0], "[1, 0, 0, 0, 0, 0]": [8.961968056260584, -8.317012128575442, -5.620275821197972], "[1, 1, 0, 1, 1, 0]": [32.46800713360293, 0, 0], "[0, 1, 1, 2, 1, 0]": [59.336955793648656, 0, 54.91613859229978], "[0, 0, 2, 1, 1, 0]": [0, 0, 0], "[0, 1, 0, 0, 1, 0]": [55.78032985085493, 0, 0], "[0, 0, 1, 0, 1, 1]": [29.58532813287641, 0, 0], "[1, 0, 2, 0, 0, 0]": [0, 0, 0], "[0, 0, 0, 0, 1, 1]": [39.59909791033123, 0.22471370395876633, 13.253976587615801], "[0, 2, 1, 1, 1, 1]": [0, 0, 0], "[0, 2, 0, 0, 1, 2]": [0.0, 0, 0], "[0, 0, 2, 0, 0, 1]": [0, 0, 0], "[0, 2, 2, 1, 1, 0]": [0, 0, 0], "[2, 1, 0, 0, 1, 1]": [0, 0, 0], "[0, 1, 0, 2, 2, 1]": [0.0, 0, 0], "[1, 0, 1, 0, 0, 1]": [-1.3499999999999996, 0, 0], "[2, 1, 1, 0, 1, 1]": [0, 0, 0], "[1, 1, 1, 0, 1, 2]": [0.0, 0, 0], "[0, 0, 1, 0, 0, 0]": [-5.735661696002282, -5.658714236185114, 27.137434194231982], "[0, 1, 1, 0, 0, 0]": [-3.5001691309166914, -11.291232786015819, -10.424370862444068], "[0, 2, 0, 0, 2, 1]": [0.0, 0, 0], "[0, 0, 0, 1, 1, 1]": [27.73698669654292, 0, 0], "[0, 0, 0, 2, 1, 0]": [12.528718354653273, 39.281574088764906, 0], "[1, 1, 0, 0, 0, 0]": [-5.369967900000001, -7.482381682907615, -7.847833558876703], "[0, 1, 0, 0, 2, 0]": [5.3181449999999995, 0, 0], "[0, 0, 0, 0, 0, 1]": [-2.303272994927589, 1.640795526640571, 19.18278425731869], "[0, 1, 0, 0, 1, 2]": [27.80224399731167, 0, 0], "[1, 0, 0, 2, 0, 0]": [15.7995, 0, 0], "[0, 0, 1, 1, 0, 0]": [-1.4949425306504383, 44.55333604989817, 0], "[0, 2, 0, 1, 2, 1]": [0.0, 0, 0], "[1, 2, 0, 0, 1, 2]": [0.0, 0, 0], "[1, 0, 0, 1, 1, 0]": [44.467534436442136, 0, 0], "[0, 1, 0, 2, 1, 0]": [27.030210009819637, 0, 0], "[0, 1, 2, 0, 0, 0]": [0, 0, 0], "[0, 1, 2, 1, 1, 1]": [0, 0, 0], "[1, 0, 1, 1, 0, 0]": [-1.3499999999999996, 32.08045236658755, 0], "[2, 1, 0, 0, 1, 2]": [0.4500000000000002, 0, 0], "[1, 1, 1, 0, 0, 0]": [-5.579755235667, -5.072499698499125, -6.0982272128637005], "[0, 2, 1, 0, 1, 1]": [0, 0, 0], "[2, 0, 0, 0, 0, 1]": [0, 0, 0], "[0, 0, 1, 2, 0, 0]": [65.71113210253907, 0, 0], "[1, 0, 1, 2, 1, 0]": [21.87, 0, 0], "[1, 0, 0, 0, 0, 1]": [-2.7, 10.013976956375197, -2.522659668079811], "[0, 1, 0, 1, 1, 0]": [33.494071264662466, 23.39201695016067, 0], "[0, 0, 1, 2, 1, 0]": [57.8689508065167, 0, 0], "[0, 2, 0, 1, 1, 1]": [0, 0, 0], "[1, 1, 0, 0, 1, 1]": [38.00791353315547, 0, 0], "[0, 0, 0, 1, 0, 0]": [-3.244164152047855, 3.3648858068860044, 4.030116530565628], "[0, 1, 0, 1, 2, 0]": [24.289037464404203, 0, 0], "[1, 0, 1, 0, 0, 0]": [-2.97, 4.41, 0], "[0, 1, 0, 0, 2, 1]": [0.0, 0, 0], "[0, 0, 0, 0, 1, 2]": [25.152885024348098, 0, 0], "[0, 1, 0, 0, 1, 1]": [68.5960638229031, 13.94831973063335, 0], "[1, 1, 0, 2, 1, 0]": [3.3497216378411068, 0, 0], "[0, 1, 1, 0, 1, 1]": [33.39, 0, 0], "[0, 0, 0, 0, 1, 0]": [30.853437414832918, 1.743501357130583, 4.740339446514831], "[1, 0, 0, 0, 1, 1]": [30.34149079245995, 0, 0], "[0, 1, 1, 1, 1, 0]": [87.56748553156568, 0, 0], "[0, 2, 2, 1, 1, 1]": [0, 0, 0]}