{"[0, 0, 1, 1, 1, 0]": [-0.6776712804674538, 49.655989711333206, 3.681068355969181], "[1, 0, 0, 2, 1, 0]": [53.48669720567729, 0, 0], "[1, 0, 1, 1, 0, 0]": [-1.3499999999999996, 32.08045236658755, 0], "[0, 1, 1, 2, 1, 0]": [18.677531324740457, 0, 44.812908370148406], "[0, 1, 0, 0, 2, 0]": [13.22286824803956, 0, 0], "[0, 2, 1, 1, 1, 1]": [0, 0, 0], "[1, 0, 1, 0, 0, 1]": [-1.3499999999999996, -5.53513699604252, 45.60005849691278], "[0, 2, 1, 0, 1, 1]": [0, 0, 0], "[0, 1, 1, 0, 0, 0]": [-12.30890820463857, -11.291232786015819, -7.701576879942773], "[0, 2, 0, 1, 2, 1]": [0.0, 0, 0], "[1, 1, 0, 0, 0, 0]": [-9.031849640761234, -8.115910584458263, -3.9453841003571064], "[1, 2, 0, 0, 1, 2]": [0.0, 0, 0], "[1, 0, 0, 1, 1, 0]": [44.467534436442136, 0, 0], "[2, 2, 0, 0, 1, 2]": [0.0, 0, 0], "[0, 1, 0, 1, 2, 0]": [40.16553657254849, 0, 0], "[1, 1, 0, 1, 1, 0]": [32.46800713360293, 0, 0], "[0, 0, 2, 0, 0, 0]": [0, 0, 0], "[0, 1, 2, 1, 1, 1]": [0, 0, 0], "[1, 1, 1, 0, 1, 1]": [14.94664719687935, 0, 0], "[1, 1, 0, 0, 1, 2]": [30.4845765954717, 0, 30.15315094797094], "[1, 0, 0, 0, 1, 2]": [42.49626539662297, 19.47911454409948, 0], "[0, 1, 0, 0, 0, 1]": [1.6567352645722484, 0, 0], "[1, 0, 1, 0, 0, 0]": [29.833055029560498, 1.156889005483366, 0], "[0, 1, 0, 0, 1, 0]": [35.47193834408951, 0, 0], "[0, 0, 1, 0, 1, 1]": [-0.6721417793435762, 24.325179231814715, 0], "[0, 0, 0, 0, 1, 1]": [8.7983268657923, 10.93741505517827, 4.924609973911681], "[2, 0, 0, 0, 0, 1]": [0, 0, 0], "[0, 1, 0, 2, 2, 1]": [32.58106512386179, 0, 0], "[2, 1, 1, 0, 1, 1]": [0, 0, 0], "[0, 0, 2, 2, 1, 0]": [0.4500000000000002, 0, 0], "[1, 0, 0, 2, 0, 0]": [15.7995, 0, 0], "[0, 1, 1, 0, 1, 1]": [33.39, 0, 0], "[0, 1, 0, 2, 2, 0]": [44.34263753554895, 0, 0], "[0, 1, 0, 1, 2, 2]": [13.5, 0, 0], "[0, 0, 1, 2, 0, 0]": [65.71113210253907, 0, 0], "[0, 1, 0, 0, 0, 0]": [-5.047387480696946, 2.248811983049066, -9.541303143017934], "[1, 0, 0, 0, 1, 1]": [40.81054016993606, 0, 0], "[0, 1, 0, 0, 2, 1]": [17.752950865828037, 0, 0], "[0, 1, 0, 0, 1, 1]": [17.73835040555123, 31.453317213664008, 20.85964670330468], "[0, 0, 1, 0, 1, 2]": [13.5, 0, 0], "[0, 0, 0, 0, 1, 0]": [5.766617748124915, 14.193668250893268, 7.033537264864283], "[0, 0, 1, 0, 0, 1]": [3.5986853233383806, 12.461791782894649, 0], "[1, 0, 0, 1, 0, 0]": [12.405404205195373, 0, 0], "[1, 1, 0, 2, 1, 0]": [3.3497216378411068, 0, 0], "[0, 0, 0, 1, 1, 0]": [65.1230403887759, 8.853361878635727, 8.40335039232356], "[0, 0, 0, 0, 0, 0]": [32.51114401834885, -0.47772561896315735, -4.711748227814943], "[0, 1, 2, 0, 0, 0]": [0, 0, 0], "[1, 2, 0, 0, 1, 1]": [0, 0, 0], "[0, 1, 1, 1, 1, 1]": [14.85, 0, 0], "[0, 1, 1, 0, 1, 2]": [1.1072736488197688, 0, 0], "[1, 0, 0, 0, 0, 0]": [-7.170878193290012, 24.404162981064363, -7.446491344864766], "[1, 0, 1, 0, 1, 2]": [41.140393153477014, 0, 0], "[1, 2, 0, 1, 1, 1]": [0, 0, 0], "[0, 0, 2, 1, 1, 0]": [0, 0, 0], "[2, 1, 0, 0, 1, 1]": [0, 0, 0], "[0, 0, 1, 0, 0, 0]": [-5.880654511635139, 30.20109041352183, -5.019749707620841], "[0, 0, 0, 1, 1, 1]": [31.938403455555683, 0, 0], "[1, 0, 2, 0, 0, 0]": [0, 0, 0], "[0, 0, 0, 0, 0, 1]": [7.296953736376848, 8.115433102806042, 9.984694290802706], "[0, 2, 0, 0, 1, 2]": [0.0, 0, 0], "[0, 1, 0, 2, 1, 0]": [39.047309405870124, 0, 17.622579079334383], "[2, 1, 0, 0, 1, 2]": [0.4500000000000002, 0, 0], "[1, 1, 1, 0, 0, 0]": [-5.579755235667, -7.1736923120875105, -6.0982272128637005], "[0, 0, 1, 0, 1, 0]": [18.74730467797011, 0, 0], "[0, 0, 0, 0, 1, 2]": [17.992747336929984, 0, 0], "[0, 0, 0, 1, 0, 0]": [6.647362054287212, -3.228561953770626, 6.285534908048794], "[2, 2, 0, 0, 1, 1]": [0, 0, 0], "[0, 1, 0, 1, 1, 0]": [71.74638063806611, 16.071593605535515, 0], "[0, 2, 0, 0, 1, 1]": [0, 0, 0], "[2, 2, 1, 1, 1, 1]": [0, 0, 0], "[1, 0, 0, 0, 0, 2]": [1.669597197157378, 0, 0], "[0, 1, 0, 1, 1, 1]": [26.458670349445928, 0, 36.21090746771325], "[0, 1, 0, 1, 2, 1]": [17.14046491174266, 0, 0], "[1, 1, 0, 1, 1, 1]": [14.85, 0, 0], "[0, 0, 0, 2, 1, 0]": [12.528718354653273, 35.51508518864036, 0], "[0, 0, 1, 1, 0, 0]": [21.019782454272868, 59.482932180810856, 3.2906545012499224], "[0, 0, 2, 0, 0, 1]": [0, 0, 0], "[0, 2, 2, 1, 1, 0]": [0, 0, 0], "[0, 1, 2, 1, 1, 0]": [0, 0, 0], "[1, 1, 1, 0, 1, 2]": [0.0, 0, 0], "[0, 2, 0, 0, 2, 1]": [0.0, 0, 0], "[0, 1, 0, 0, 1, 2]": [15.183018300845017, 0, 0], "[0, 1, 1, 1, 2, 1]": [0.0, 0, 0], "[1, 1, 0, 0, 0, 1]": [15.318193385974268, 0, 0], "[1, 0, 1, 2, 1, 0]": [21.87, 0, 0], "[1, 0, 0, 0, 0, 1]": [-2.7, 2.8952723793028525, 18.81187056082336], "[2, 1, 0, 0, 0, 0]": [0, 0, 0], "[0, 0, 1, 2, 1, 0]": [56.42810831231594, 0, 0], "[0, 2, 0, 1, 1, 1]": [0, 0, 0], "[1, 1, 0, 0, 1, 1]": [53.139057273089215, 0, 0], "[0, 2, 0, 1, 2, 0]": [0.0, 0, 0], "[0, 1, 1, 1, 1, 0]": [49.15676242649388, 0, 0], "[0, 2, 2, 1, 1, 1]": [0, 0, 0]}