{
  "[1, 0, 0, 1, 0, 0]": [
    4.956101534725381,
    0,
    0
  ],
  "[2, 1, 0, 0, 0, 0]": [
    -10,
    -10,
    -10
  ],
  "[0, 0, 0, 1, 1, 0]": [
    16.446864820908623,
    3.800614313872501,
    -3.510811682208544
  ],
  "[0, 2, 0, 0, 1, 1]": [
    -10,
    0,
    0
  ],
  "[0, 0, 0, 0, 0, 0]": [
    20.105198178521864,
    -11.431901113527147,
    -12.885522247869385
  ],
  "[0, 1, 2, 0, 0, 0]": [
    -10,
    0,
    0
  ],
  "[0, 0, 1, 1, 1, 0]": [
    0.0,
    0,
    0
  ],
  "[0, 1, 1, 1, 1, 1]": [
    26.900859203537692,
    0,
    0
  ],
  "[0, 1, 0, 1, 1, 1]": [
    16.09887150660959,
    0,
    0
  ],
  "[1, 0, 0, 0, 0, 0]": [
    -9.119403217354987,
    -9.756009897537846,
    -9.126449368608466
  ],
  "[1, 2, 0, 1, 1, 1]": [
    -10,
    0,
    0
  ],
  "[2, 0, 0, 0, 0, 0]": [
    -10,
    0,
    0
  ],
  "[2, 1, 1, 0, 0, 0]": [
    -10,
    -10,
    0
  ],
  "[0, 2, 1, 1, 1, 1]": [
    -10,
    0,
    0
  ],
  "[1, 2, 2, 0, 0, 0]": [
    -10,
    0,
    0
  ],
  "[0, 0, 0, 0, 1, 1]": [
    -10,
    -4.325455219149342,
    14.565170122846283
  ],
  "[0, 1, 0, 0, 1, 0]": [
    12.4785,
    0,
    0
  ],
  "[1, 0, 0, 0, 1, 0]": [
    4.5,
    0,
    0
  ],
  "[0, 2, 2, 1, 1, 0]": [
    -10,
    0,
    0
  ],
  "[2, 1, 0, 0, 1, 1]": [
    -10,
    0,
    0
  ],
  "[0, 0, 1, 0, 0, 0]": [
    -12.848711721038041,
    -4.910678473125676,
    -12.204720558276552
  ],
  "[0, 1, 1, 0, 0, 0]": [
    -7.652760509208186,
    -6.900351026693226,
    -8.26609780399291
  ],
  "[0, 2, 1, 1, 1, 0]": [
    -10,
    0,
    0
  ],
  "[0, 0, 0, 0, 0, 1]": [
    -0.9182618554689101,
    3.0395684436180685,
    4.919961197529396
  ],
  "[1, 0, 0, 0, 1, 1]": [
    18.813139727998262,
    0,
    0
  ],
  "[1, 1, 0, 0, 0, 0]": [
    -5.24918012367813,
    -11.149825989327677,
    -8.989670902998888
  ],
  "[1, 1, 1, 0, 0, 0]": [
    -2.908127861030781,
    -8.63482274379747,
    -8.171319169491667
  ],
  "[1, 0, 0, 0, 0, 1]": [
    -4.486962634918916,
    13.733585916482388,
    0
  ],
  "[0, 1, 0, 1, 1, 0]": [
    21.469552176572343,
    12.572743506221254,
    0
  ],
  "[1, 2, 1, 0, 0, 0]": [
    -10,
    -10,
    -10
  ],
  "[0, 1, 0, 0, 0, 0]": [
    -5.309488400406725,
    -10.063877843236181,
    -10.202373003485821
  ],
  "[1, 1, 0, 0, 1, 1]": [
    -1.9215000000000018,
    -10.34542207114879,
    17.50894119542096
  ],
  "[0, 1, 2, 1, 1, 0]": [
    -10,
    0,
    0
  ],
  "[1, 0, 1, 0, 0, 0]": [
    -2.25,
    0,
    0
  ],
  "[0, 0, 1, 1, 0, 0]": [
    6.831580776193277,
    0,
    0
  ],
  "[0, 1, 0, 0, 1, 1]": [
    27.718911936046183,
    0,
    0
  ],
  "[0, 0, 2, 0, 0, 0]": [
    -10,
    0,
    0
  ],
  "[0, 0, 0, 0, 1, 0]": [
    18.29706277126564,
    6.401995932867147,
    18.694791202684215
  ],
  "[0, 0, 0, 1, 0, 0]": [
    21.40321106749855,
    27.569891188512607,
    -1.9222023189608026
  ],
  "[0, 1, 1, 1, 1, 0]": [
    -1.9215000000000018,
    17.97883036898879,
    -3.8758151145390576
  ]
}