{"[2, 2, 1, 0, 0]": [-10, -10, -10], "[0, 0, 1, 0, 1]": [4.026652682299884, 0, 0], "[2, 2, 2, 2, 2]": [-10, 0, 0], "[1, 0, 0, 0, 0]": [5.492708547936945, 3.1302319091649293, 1.3258157747643853], "[2, 2, 1, 1, 0]": [-10, -10, -10], "[1, 0, 1, 1, 1]": [2.7520146982126974, 0, 0], "[1, 1, 1, 2, 0]": [-10, 0, 0], "[2, 2, 2, 1, 0]": [-10, -10, 0], "[1, 1, 1, 0, 0]": [-8.55097665608372, 3.7348573226238786, 3.2771885241516774], "[1, 2, 1, 1, 0]": [-10, 0, 0], "[0, 1, 1, 1, 0]": [2.562969131287864, 1.4733874670476936, 1.6927476438707845], "[0, 0, 0, 0, 0]": [-10, -0.4077067780463455, 2.9942371293339263], "[0, 0, 1, 1, 1]": [1.4166687352021672, 4.041515791337151, 1.4361107766489511], "[0, 0, 0, 1, 2]": [-10, -10, -10], "[2, 2, 0, 0, 0]": [-10, 0, 0], "[0, 0, 0, 1, 0]": [6.811795949952512, 0, 0], "[1, 1, 2, 2, 2]": [-10, 0, 0], "[2, 0, 0, 0, 0]": [-10, 0, 0], "[1, 1, 0, 1, 1]": [4.017074283867112, 0, 0], "[0, 0, 1, 0, 0]": [1.793747390379706, 4.169615832654875, 0], "[1, 1, 1, 1, 1]": [-9.885645773493147, 1.8511010017654053, 1.2990347131246869], "[0, 1, 1, 0, 0]": [-8.467574617744798, 2.810889660131778, 0], "[1, 0, 0, 0, 1]": [5.782176263174985, 1.881357514968622, 0], "[2, 1, 0, 0, 0]": [-10, 0, 0], "[0, 1, 0, 0, 0]": [5.454099041297627, 0, 0], "[2, 1, 1, 0, 0]": [-10, -10, -10], "[0, 0, 2, 2, 1]": [-10, 0, 0], "[0, 1, 1, 2, 2]": [-10, -10, -10], "[1, 1, 0, 1, 0]": [-5.843728701734413, 2.627722915114346, 0], "[0, 1, 1, 2, 1]": [-10, 0, 0], "[1, 0, 1, 1, 0]": [3.0377708669333177, 0, 0], "[2, 1, 1, 1, 1]": [-10, -10, 0], "[1, 0, 1, 0, 0]": [4.295991764186813, 0, 0], "[2, 2, 2, 1, 1]": [-10, -10, 0], "[1, 1, 0, 0, 0]": [-16.223830121469547, 6.081926142224979, 2.705996385620711], "[0, 1, 0, 1, 1]": [2.1327601357793156, 0, 0], "[1, 2, 1, 1, 1]": [-10, 0, 0], "[0, 0, 0, 2, 1]": [-10, 0, 0], "[1, 1, 1, 0, 1]": [0, 0, 1.7856042253231372], "[0, 1, 1, 1, 1]": [-8.545606975044297, -8.846400053789822, 3.91182154872403], "[0, 0, 1, 2, 2]": [-10, -10, 0], "[0, 0, 0, 0, 1]": [5.596625887581, 0.670728451583392, 2.115803044385226], "[1, 2, 1, 0, 0]": [-10, 0, 0], "[1, 2, 2, 1, 0]": [-10, 0, 0], "[0, 1, 1, 0, 1]": [2.3273842901723856, 0, 0], "[0, 0, 1, 1, 0]": [-2.1576079655714766, 3.359871345291965, 0], "[1, 1, 2, 2, 1]": [-10, -10, -10], "[1, 1, 1, 1, 0]": [-8.763106609735342, 4.269305186872945, -8.646990458694763], "[0, 0, 0, 1, 1]": [1.3370224569406286, 1.3438192920521765, 4.175424999292784]}