{"[2, 2, 0, 0, 1, 1]": [-10, 0, 0], "[0, 0, 0, 1, 1, 0]": [12.91937737429181, 20.262865408199673, 0], "[0, 2, 0, 0, 1, 1]": [0, 0, -10], "[0, 0, 0, 0, 0, 0]": [-10, -6.302852559225902, 1.0057280205956047], "[0, 0, 1, 1, 1, 0]": [4.5, 0, 0], "[0, 1, 0, 1, 1, 1]": [26.923500000000004, 0, 13.713821293674414], "[1, 0, 0, 0, 0, 0]": [-2.91524954385864, -4.0085746111367, -2.909365070863636], "[2, 1, 1, 0, 0, 0]": [-10, 0, 0], "[1, 1, 0, 0, 0, 0]": [-6.5167649999999995, -2.300593304199759, -6.678818237250001], "[0, 0, 1, 0, 0, 0]": [-7.316496414344981, -7.1216325928623885, -2.4979512986275063], "[0, 1, 1, 0, 0, 0]": [-5.5872709130992915, -6.261294006351403, -8.136033345851892], "[0, 0, 0, 0, 0, 1]": [-2.5378104935599204, 12.149300831387103, 0], "[0, 0, 0, 0, 1, 1]": [23.658286342091532, 0, 0], "[1, 1, 1, 0, 0, 0]": [-10.620227250000001, -7.788445655711254, -6.376299584264988], "[1, 0, 0, 0, 0, 1]": [-6.211556815866018, -1.9318299625476314, 20.598080416276023], "[0, 1, 0, 1, 1, 0]": [16.3845, 0, 0], "[1, 2, 1, 0, 0, 0]": [-10, -10, -10], "[0, 1, 0, 0, 0, 0]": [-4.7232, 4.530857698879146, -4.47975], "[1, 1, 0, 0, 1, 1]": [17.026763145903075, 0, 0], "[0, 0, 0, 1, 0, 0]": [11.250645193008573, 0, 3.470605723514555], "[1, 0, 1, 0, 0, 0]": [-2.25, -3.1977, 1.8], "[0, 0, 1, 1, 0, 0]": [-5.569752480987821, 24.486023452196466, 0], "[0, 1, 0, 0, 1, 1]": [-1.7999999999999998, -1.0738941054271685, 33.33367899627914], "[0, 0, 0, 0, 1, 0]": [16.864762556593977, 3.4466368412357333, 0], "[1, 0, 0, 0, 1, 1]": [-3.150000000000002, 2.5113983297561924, 0], "[0, 1, 1, 1, 1, 0]": [9.2385, 0, 0]}