{
  "[1, 0, 0, 1, 0, 0]": [
    6.74946585,
    0,
    0
  ],
  "[2, 2, 0, 0, 1, 1]": [
    -10,
    0,
    0
  ],
  "[2, 2, 1, 0, 0, 0]": [
    0,
    0,
    -10
  ],
  "[0, 2, 1, 1, 0, 0]": [
    0,
    0,
    -10
  ],
  "[0, 0, 0, 0, 0, 0]": [
    -12.09556521933743,
    -11.70649192489066,
    -12.801183223927723
  ],
  "[0, 1, 1, 1, 0, 0]": [
    9.647773379239066,
    0,
    0
  ],
  "[1, 0, 1, 1, 0, 0]": [
    4.95,
    0,
    0
  ],
  "[0, 1, 0, 0, 0, 1]": [
    4.5,
    0,
    0
  ],
  "[1, 0, 0, 0, 0, 0]": [
    -13.141165529223121,
    -13.030050250585157,
    -10.355838217525374
  ],
  "[1, 0, 2, 1, 0, 0]": [
    -10,
    0,
    0
  ],
  "[1, 2, 2, 0, 0, 0]": [
    -10,
    0,
    0
  ],
  "[0, 0, 1, 1, 0, 0]": [
    14.47470814584553,
    0,
    19.77372569718669
  ],
  "[0, 0, 1, 0, 0, 0]": [
    -13.20678370554221,
    -10.287565434576319,
    -13.347431688172861
  ],
  "[0, 1, 1, 0, 0, 0]": [
    -11.880670085695552,
    -11.085109757310907,
    -3.473896465331057
  ],
  "[0, 0, 0, 0, 0, 1]": [
    -6.562768778548843,
    -2.442221149882875,
    -2.0242479467330634
  ],
  "[1, 1, 0, 0, 0, 0]": [
    -8.437131165639682,
    -12.332788234548236,
    -11.460935447031439
  ],
  "[0, 1, 2, 0, 0, 0]": [
    -10,
    0,
    0
  ],
  "[1, 1, 1, 0, 0, 0]": [
    -11.937043137810136,
    -11.158990871810671,
    -7.693366266519497
  ],
  "[1, 0, 0, 0, 0, 1]": [
    -0.27,
    17.726114307621422,
    0
  ],
  "[2, 1, 0, 0, 0, 0]": [
    -10,
    -10,
    -10
  ],
  "[1, 2, 1, 0, 0, 0]": [
    -10,
    -10,
    -10
  ],
  "[0, 1, 0, 0, 0, 0]": [
    -10.146584249224642,
    -12.52662329892149,
    -10.514454166106773
  ],
  "[2, 2, 0, 0, 0, 0]": [
    -10,
    0,
    0
  ],
  "[0, 2, 2, 1, 0, 0]": [
    -10,
    -10,
    0
  ],
  "[0, 1, 0, 1, 0, 0]": [
    20.217515085,
    0,
    0
  ],
  "[1, 1, 0, 0, 0, 1]": [
    12.824987182711192,
    0,
    0
  ],
  "[0, 0, 0, 1, 0, 0]": [
    -6.7668129911994725,
    0.4425422679098421,
    -1.8141075785915224
  ]
}