{"[1, 0, 0, 1, 0, 0]": [-1.4290568222804758, 32.85185652909952, 0], "[0, 0, 1, 0, 0, 1]": [9.927220506425238, 0, 0], "[0, 1, 0, 1, 2, 1]": [59.87407375005278, 0, 0], "[0, 0, 0, 1, 1, 0]": [51.130661755948715, 15.520953980216841, 0], "[0, 0, 0, 2, 1, 1]": [31.52505381045049, 0, 0], "[1, 0, 1, 0, 0, 1]": [-0.8099999999999999, 34.77259312571145, 0], "[0, 0, 0, 0, 0, 0]": [-7.447950636850459, 38.592839034073634, -7.249487810708077], "[1, 1, 0, 2, 2, 2]": [9.18068244289022, 0, 0], "[0, 1, 2, 0, 0, 0]": [-10, -10, -10], "[0, 0, 1, 1, 1, 0]": [62.464260925909116, 0, 0], "[0, 0, 1, 0, 0, 0]": [-89.13515656332066, -9.569267650523575, -10.450919315423997], "[1, 0, 0, 2, 1, 0]": [38.5092516188128, 0, 0], "[0, 0, 1, 1, 1, 1]": [41.7478367067297, 0, 0], "[1, 0, 0, 1, 1, 1]": [29.420953568960282, 0, 0], "[1, 1, 0, 1, 2, 2]": [5.571715655421768, 0, 0], "[2, 1, 0, 1, 1, 0]": [-10, 0, 0], "[0, 0, 1, 2, 1, 1]": [34.42686966363948, 0, 0], "[0, 1, 0, 2, 1, 1]": [11.742944513617028, 0, 0], "[0, 0, 0, 1, 1, 2]": [26.037788656063256, 0, 0], "[1, 0, 0, 0, 1, 2]": [27.29375590662503, 0, 0], "[0, 1, 1, 1, 1, 1]": [0, 22.769901396666594, 0], "[0, 1, 1, 0, 1, 2]": [27.0, 0, 0], "[2, 1, 1, 1, 1, 0]": [-10, 0, 0], "[1, 0, 1, 1, 0, 0]": [24.901739564714003, 0, 0], "[1, 0, 1, 2, 1, 0]": [47.51029476887949, 0, 0], "[0, 1, 0, 1, 1, 1]": [77.00911991020271, 0, 0], "[1, 0, 1, 1, 0, 1]": [-0.9, 0, 0], "[1, 0, 0, 0, 0, 0]": [-89.40612720474297, 5.290783133481157, -1.0280285687746815], "[0, 0, 1, 0, 1, 0]": [10.719000000000001, 0, 0], "[0, 1, 1, 2, 1, 0]": [39.55664442314083, 0, 0], "[0, 0, 1, 1, 0, 1]": [0.9, 0, 0], "[1, 1, 0, 2, 1, 0]": [37.254970170352266, 0, 0], "[1, 1, 0, 1, 1, 1]": [2.9612541794546132, 0, 0], "[1, 1, 0, 1, 2, 1]": [27.0, 0, 0], "[1, 1, 0, 0, 0, 0]": [-89.8281, 3.0688003032694873, -90.39969030532852], "[0, 1, 0, 0, 1, 0]": [47.41943930617121, 0, 0], "[0, 0, 0, 1, 0, 1]": [20.378767911687472, 0, 0], "[1, 1, 0, 1, 1, 0]": [10.49025855564937, -0.9, 0], "[0, 1, 0, 2, 2, 1]": [68.28100862475821, 0, 0], "[0, 0, 1, 0, 1, 1]": [12.307107019987019, 0, 0], "[1, 1, 1, 0, 1, 2]": [3.599999999999998, 0, 0], "[1, 0, 1, 0, 1, 0]": [21.48095452631727, 0, 0], "[0, 1, 1, 0, 0, 0]": [-99.00486322037099, -9.78185767227936, -10], "[0, 1, 1, 1, 2, 2]": [7.466275553860859, 0, 0], "[0, 1, 1, 2, 2, 2]": [28.655444339520276, 0, 0], "[0, 0, 0, 1, 1, 1]": [59.85277119348374, 0, 0], "[0, 0, 0, 2, 1, 0]": [27.09, 0, 0], "[0, 1, 2, 0, 0, 1]": [-10, 0, 0], "[0, 0, 0, 0, 0, 1]": [40.193171600797655, -8.107727825086904, -10], "[0, 1, 0, 0, 1, 2]": [46.446524649318455, 0, 0], "[0, 0, 0, 0, 1, 1]": [-10, 35.937649738441756, 0], "[1, 0, 0, 1, 1, 0]": [26.691184774911882, 0, 23.644656092716083], "[0, 1, 0, 2, 1, 0]": [42.26692754862489, 0, 0], "[1, 0, 0, 0, 1, 0]": [45.58019465183706, 0, 0], "[1, 0, 0, 1, 0, 1]": [14.823090578123002, 0, 0], "[1, 0, 0, 0, 0, 2]": [13.047164940766761, 0, 0], "[1, 0, 1, 0, 1, 1]": [42.01680379112527, 0, 0], "[1, 1, 1, 0, 0, 0]": [-90.0, -90.09, 4.523279842787144], "[0, 1, 0, 1, 2, 2]": [27.666144465270794, 0, 0], "[0, 0, 0, 0, 1, 0]": [40.17528360018572, 45.98020818723596, -10], "[0, 1, 0, 1, 1, 2]": [18.127705885691025, 0, 0], "[0, 1, 0, 2, 2, 2]": [17.820959016685208, 0, 0], "[1, 0, 0, 0, 0, 1]": [17.427943860340534, 0, 0], "[0, 1, 0, 1, 1, 0]": [64.26612863899271, 29.17691450230029, 0], "[1, 2, 1, 0, 0, 0]": [-10, -10, 0], "[0, 1, 0, 0, 0, 0]": [-8.872751460128342, 4.058349325283242, -8.78193726510164], "[1, 1, 0, 0, 1, 1]": [-2.648001426562239, 4.132405469310104, 0], "[0, 0, 0, 1, 0, 0]": [-2.508591347296118, -10, -10], "[0, 1, 1, 1, 2, 1]": [17.944344753551068, 0, 0], "[1, 0, 1, 0, 0, 0]": [34.91570244847721, -5.173665338994581, -4.298273253207116], "[0, 0, 1, 1, 0, 0]": [-89.59918258657804, 44.654625349844544, 0], "[0, 0, 0, 0, 1, 2]": [32.07942284366275, 0, 0], "[0, 1, 0, 0, 1, 1]": [47.59909730794629, 0, 0], "[0, 0, 2, 0, 0, 0]": [-10, 0, 0], "[0, 0, 1, 2, 1, 0]": [45.223702249899006, 0, 0], "[0, 1, 1, 0, 1, 1]": [29.7, 0, 0], "[2, 1, 0, 0, 0, 0]": [-10, -10, -10], "[1, 0, 0, 0, 1, 1]": [-0.4436961464322309, 36.3336255364021, 0], "[0, 1, 1, 1, 1, 0]": [55.50325944006625, 0, 0], "[1, 1, 1, 1, 1, 0]": [50.75350177965707, 0, 0]}