{"[1, 0, 0, 0, 0]": [1.1845316662015006, 2.0448731450010555, 1.1549687366166284], "[1, 0, 1, 0, 0]": [2.6399983717184243, 0, 0], "[2, 2, 1, 0, 0]": [-10, 0, 0], "[0, 0, 1, 2, 0]": [-10, 0, 0], "[1, 2, 2, 2, 1]": [0, 0, 0], "[1, 0, 1, 1, 1]": [2.5708476172839783, 0, 0], "[2, 2, 2, 1, 0]": [-10, 0, 0], "[1, 1, 1, 0, 0]": [1.966257186248546, 2.5869711121115064, 2.0307358279269274], "[0, 2, 1, 0, 0]": [0, -10, 0], "[0, 1, 1, 1, 0]": [-8.88137122165788, -8.765350214169858, 1.820129550011571], "[0, 0, 0, 0, 0]": [-2.8149593833964177, -2.7334634412460677, 3.975793578720424], "[0, 0, 1, 1, 1]": [-8.897808703738654, -3.565495457412593, 3.6404454071770913], "[0, 0, 0, 1, 2]": [-10, -10, 0], "[0, 0, 0, 1, 0]": [3.8260219372188597, 0, 0], "[1, 1, 2, 2, 2]": [0, 0, 0], "[0, 0, 1, 0, 0]": [1.0271650526000868, 1.124152413598236, 0], "[1, 1, 1, 1, 1]": [-9.0, 3.589429361213332, 0], "[0, 1, 1, 0, 0]": [-8.739028181120693, 1.1359624074216927, 1.734199699194754], "[1, 0, 0, 0, 1]": [1.7099999999189999, 0, 0], "[2, 1, 0, 0, 0]": [-10, -10, 0], "[0, 1, 0, 0, 0]": [4.771396055313012, 0, 0], "[2, 1, 1, 0, 0]": [-10, 0, 0], "[0, 0, 2, 2, 1]": [-10, 0, 0], "[1, 1, 0, 1, 0]": [4.994389066156518, 0, 0], "[1, 2, 1, 0, 0]": [-10, 0, 0], "[0, 0, 1, 1, 0]": [-8.554666195905407, -5.871998031323298, -1.7822792913102972], "[0, 2, 2, 2, 1]": [-10, 0, 0], "[0, 1, 1, 1, 1]": [-8.891508703738655, 3.5866222878088614, 0], "[0, 0, 0, 0, 1]": [2.5194243916791237, -1.721455644547587, 0], "[0, 1, 2, 2, 0]": [0, 0, -10], "[0, 1, 1, 0, 1]": [3.7133731559471808, 0, 0], "[0, 0, 0, 2, 2]": [-10, 0, 0], "[1, 1, 0, 0, 0]": [-8.665261166021615, 1.0401360389656353, -8.819843583945222], "[1, 1, 1, 1, 0]": [-8.635152164986703, 2.886449786575677, 2.7156345501457118], "[0, 0, 0, 1, 1]": [-9.190702273650404, -3.7275714131026687, -0.9909952916111568]}